gender,patient,patient-coadmin,patient-inter
Female,154785.99999999988,119700.00000000042,21279.0
Male,115794.3333333342,84687.33333333359,14008.333333333334
