gender,patient,patient-coadmin,patient-inter,RRC^{g=F},RRI^{g=F}
Female,154786,119700,20817,1.0573965876777678,1.1472126699539473
Male,115797,84688,13575,1.0,1.0
