gender,patient,patient-coadmin,patient-inter,patient-inter-major,patient-inter-moderate,patient-inter-minor,patient-inter-none
Female,154785.99999999988,119700.00000000044,21279.0,8235.0,17430.0,1904.0000000000002,1196.0
Male,115794.33333333417,84687.3333333336,14008.333333333334,5942.499999999999,11244.000000000005,1365.0,935.3333333333333
