gender,patient,patient-coadmin,patient-inter,patient-inter-major,patient-inter-moderate,patient-inter-minor,patient-inter-none
Female,78105.00000000007,61764.000000000306,11438.000000000002,4877.999999999998,8824.000000000011,281.0,1106.0
Male,55394.000000000095,41022.99999999996,5258.999999999998,2254.0000000000005,3934.999999999999,245.0,441.0
